rx_id,med_id,quantity_dispensed,date_filled,patient_id
1,26,19,22/01/2026 21:42,6412
2,40,12,06/02/2026 14:25,5386
3,9,19,02/02/2026 13:14,8893
4,48,12,05/02/2026 1:26,6361
5,2,13,15/01/2026 3:38,8064
6,33,9,15/01/2026 20:18,5046
7,15,1,24/01/2026 10:55,9897
8,18,3,16/01/2026 4:40,7497
9,31,22,08/02/2026 4:42,5123
10,27,23,06/02/2026 16:11,5764
11,16,17,17/01/2026 15:54,4339
12,35,5,22/01/2026 8:20,6490
13,42,15,05/02/2026 18:06,3847
14,35,18,24/01/2026 16:20,7198
15,42,23,04/02/2026 22:33,2400
16,43,19,21/01/2026 17:28,2190
17,4,9,25/01/2026 0:18,7244
18,27,18,22/01/2026 16:19,3596
19,6,26,05/02/2026 3:46,6928
20,29,15,30/01/2026 15:12,9756
21,26,26,18/01/2026 23:22,6486
22,7,19,25/01/2026 7:05,6501
23,38,8,27/01/2026 10:41,8529
24,42,3,21/01/2026 3:44,8160
25,4,17,21/01/2026 14:40,1991
26,25,21,23/01/2026 23:01,1841
27,36,25,06/02/2026 18:36,2562
28,16,24,16/01/2026 11:40,9294
29,20,28,31/01/2026 18:25,9997
30,14,22,19/01/2026 19:29,9771
31,14,23,10/02/2026 5:06,1961
32,38,5,24/01/2026 22:40,3133
33,25,21,04/02/2026 2:56,9672
34,13,21,25/01/2026 3:29,1268
35,44,24,20/01/2026 21:41,9768
36,11,13,17/01/2026 18:24,7964
37,35,3,19/01/2026 11:18,4892
38,50,5,02/02/2026 3:22,3496
39,14,4,16/01/2026 3:42,6756
40,12,21,11/02/2026 2:47,2975
41,7,13,29/01/2026 8:42,8843
42,3,15,20/01/2026 16:07,4666
43,42,19,15/01/2026 16:00,1344
44,41,22,03/02/2026 22:48,9335
45,3,15,25/01/2026 13:48,6168
46,43,12,03/02/2026 19:20,6979
47,20,15,19/01/2026 9:45,5442
48,9,19,25/01/2026 16:24,6067
49,3,25,14/01/2026 16:00,5463
50,7,28,15/01/2026 7:04,9562
51,49,12,24/01/2026 8:21,4265
52,36,3,30/01/2026 5:11,5166
53,20,25,18/01/2026 6:24,5208
54,17,1,13/01/2026 22:42,5939
55,19,23,04/02/2026 6:57,7971
56,9,8,17/01/2026 3:28,2691
57,16,3,02/02/2026 5:52,4554
58,33,5,15/01/2026 16:56,1672
59,15,5,11/02/2026 2:55,4523
60,38,16,10/02/2026 23:13,1623
61,24,18,01/02/2026 20:40,7854
62,9,26,29/01/2026 22:38,2210
63,9,9,08/02/2026 13:09,6160
64,1,7,18/01/2026 12:55,6890
65,50,29,15/01/2026 19:56,7480
66,9,8,16/01/2026 23:22,7182
67,39,24,15/01/2026 16:24,9341
68,7,27,15/01/2026 15:47,4965
69,17,11,22/01/2026 5:13,6515
70,12,1,14/01/2026 23:02,4754
71,35,7,01/02/2026 18:43,2852
72,11,2,29/01/2026 10:08,3630
73,49,7,31/01/2026 16:16,2923
74,10,3,28/01/2026 12:26,5199
75,34,10,20/01/2026 23:08,1485
76,42,30,16/01/2026 16:02,6149
77,28,4,19/01/2026 14:44,6351
78,25,15,29/01/2026 13:42,1684
79,22,1,23/01/2026 15:53,3985
80,26,9,09/02/2026 13:35,8212
81,29,17,09/02/2026 19:50,5339
82,22,13,12/02/2026 4:23,9775
83,42,27,31/01/2026 16:34,7427
84,31,26,02/02/2026 21:47,9647
85,43,6,08/02/2026 12:05,3812
86,12,4,23/01/2026 6:54,7418
87,30,10,23/01/2026 12:37,3601
88,39,28,15/01/2026 13:04,9128
89,32,20,02/02/2026 21:56,8378
90,36,26,12/02/2026 17:32,4110
91,5,14,15/01/2026 23:32,4667
92,30,27,01/02/2026 10:59,8309
93,10,26,23/01/2026 13:39,2679
94,10,4,12/02/2026 14:19,9460
95,14,11,25/01/2026 8:19,4971
96,18,18,25/01/2026 10:01,4072
97,37,7,25/01/2026 17:31,5735
98,34,17,31/01/2026 6:06,9297
99,22,18,27/01/2026 15:20,1086
100,42,12,10/02/2026 13:22,7965
101,9,9,23/01/2026 16:52,7130
102,6,5,05/02/2026 1:14,6821
103,36,22,11/02/2026 11:48,6614
104,25,10,01/02/2026 6:53,4367
105,23,9,14/01/2026 22:17,7601
106,24,9,22/01/2026 21:15,7493
107,50,10,16/01/2026 14:09,7196
108,12,23,27/01/2026 18:00,6578
109,27,2,18/01/2026 20:25,8363
110,5,15,29/01/2026 14:38,5210
111,3,7,27/01/2026 3:10,2894
112,5,27,28/01/2026 5:51,4189
113,37,15,20/01/2026 3:06,3753
114,5,7,09/02/2026 6:52,9181
115,1,19,24/01/2026 8:54,4177
116,41,2,20/01/2026 17:46,1085
117,15,27,14/01/2026 22:05,9940
118,22,23,28/01/2026 4:18,2168
119,20,8,11/02/2026 19:10,2578
120,38,14,19/01/2026 8:21,1283
121,39,11,04/02/2026 17:39,1547
122,37,5,11/02/2026 7:38,5647
123,28,12,01/02/2026 18:56,8859
124,40,30,02/02/2026 14:36,9050
125,47,21,08/02/2026 0:04,3720
126,18,21,04/02/2026 14:32,2730
127,11,25,31/01/2026 20:22,7331
128,5,18,09/02/2026 22:55,2686
129,35,8,19/01/2026 20:30,3056
130,25,29,24/01/2026 19:17,9342
131,14,2,25/01/2026 19:54,9847
132,17,2,23/01/2026 13:00,2154
133,3,9,16/01/2026 7:48,8543
134,1,2,22/01/2026 13:45,3204
135,24,21,19/01/2026 18:09,5412
136,38,24,17/01/2026 23:20,6068
137,2,2,11/02/2026 13:13,7110
138,11,3,09/02/2026 21:58,2376
139,6,11,18/01/2026 8:19,1616
140,36,17,22/01/2026 1:18,5451
141,24,5,19/01/2026 8:43,3549
142,32,12,04/02/2026 12:51,4394
143,24,1,27/01/2026 20:17,4332
144,11,23,08/02/2026 2:50,1321
145,16,21,25/01/2026 23:56,1677
146,47,25,18/01/2026 11:48,5931
147,12,29,06/02/2026 5:10,6037
148,11,18,25/01/2026 20:21,1486
149,39,9,07/02/2026 15:06,2029
150,29,7,09/02/2026 16:52,8969
151,15,3,05/02/2026 20:33,4129
152,47,14,03/02/2026 13:23,7231
153,22,15,14/01/2026 19:31,7334
154,4,14,06/02/2026 9:27,7740
155,48,20,08/02/2026 22:59,2207
156,24,6,21/01/2026 14:38,1537
157,34,14,31/01/2026 9:29,1779
158,24,4,21/01/2026 19:32,2512
159,41,17,23/01/2026 5:50,4608
160,7,1,07/02/2026 11:42,3033
161,28,3,14/01/2026 21:46,6451
162,29,20,31/01/2026 11:25,5554
163,45,19,30/01/2026 11:48,1609
164,8,4,14/01/2026 20:54,6172
165,22,28,27/01/2026 22:46,7457
166,27,6,24/01/2026 23:39,5911
167,34,17,02/02/2026 3:10,4954
168,36,14,19/01/2026 18:59,6349
169,13,16,17/01/2026 5:32,7844
170,46,29,02/02/2026 16:03,3928
171,49,8,16/01/2026 16:01,4272
172,44,23,25/01/2026 7:09,2229
173,12,3,25/01/2026 19:31,7506
174,30,29,15/01/2026 6:22,6002
175,32,7,24/01/2026 1:59,6415
176,43,24,15/01/2026 14:23,6762
177,4,16,04/02/2026 8:57,8053
178,18,16,04/02/2026 9:16,9879
179,29,24,04/02/2026 9:04,9749
180,36,16,23/01/2026 19:55,6469
181,41,25,23/01/2026 15:43,1058
182,9,4,14/01/2026 23:24,5512
183,43,24,10/02/2026 20:20,9206
184,36,27,20/01/2026 4:04,7925
185,30,6,23/01/2026 1:28,7836
186,37,25,02/02/2026 9:32,5070
187,9,7,15/01/2026 20:00,4597
188,4,26,28/01/2026 18:47,5827
189,21,16,12/02/2026 6:57,5455
190,50,13,27/01/2026 16:18,8737
191,5,18,05/02/2026 19:02,8295
192,15,25,22/01/2026 21:15,1890
193,25,25,14/01/2026 9:01,5904
194,48,17,08/02/2026 10:29,1468
195,1,4,03/02/2026 13:39,7169
196,32,2,28/01/2026 4:01,6748
197,50,23,05/02/2026 6:45,9371
198,12,4,24/01/2026 23:48,2622
199,26,17,20/01/2026 20:58,1024
200,20,1,18/01/2026 5:35,8911
